fisname,URL,Fullname
ING,https://apic.ing.com.au/cds-au/v1/banking/products
ANZ,https://api.anz/cds-au/v1/banking/products
peopleschoice,https://ob-public.peopleschoice.com.au/cds-au/v1/banking/products
AUSTRALIANMILITARYBANKLTD,https://public.open.rslmoney.com.au/cds-au/v1/banking/products
AustralianMutualBankLtd,https://internetbanking.australianmutual.bank/openbanking/cds-au/v1/banking/products
AUSTRALIANUNITYBANKLIMITED,https://datasharing-open-banking.australianunity.com.au/OpenBanking/cds-au/v1/banking/products
AUSWIDEBANKLTD,https://api.auswidebank.com.au/openbanking/cds-au/v1/banking/products
BandELTD,https://api.bankofus.com.au/OpenBanking/cds-au/v1/banking/products
BankAustraliaLimited,https://public.cdr-api.bankaust.com.au/cds-au/v1/banking/products
BankofChina,https://api-gateway.bankofchina.com.au/cds-au/v1/banking/products
MEBank,https://public.openbank.mebank.com.au/cds-au/v1/banking/products
VirginMoney,https://api.cds.virginmoney.com.au/cds-au/v1/banking/products
DDHGraham,https://api.cds.ddhgraham.com.au/cds-au/v1/banking/products
BOQSpecialist,https://api.cds.boqspecialist.com.au/cds-au/v1/banking/products
BankofQueenslandLimited,https://api.cds.boq.com.au/cds-au/v1/banking/products
BankofSydney,https://openbank.api.banksyd.com.au/cds-au/v1/banking/products
BendigoBank,https://api.cdr.bendigobank.com.au/cds-au/v1/banking/products
Up,https://api.up.com.au/cds-au/v1/banking/products
BeyondBankWarrnambool,https://internetbanking.swcredit.com.au/openbanking/cds-au/v1/banking/products
BeyondBankAustralia,https://public.cdr.api.beyondbank.com.au/cds-au/v1/banking/products
Cairnsbank,https://openbanking.cairnsbank.com.au/OpenBanking/cds-au/v1/banking/products
CentralMurrayCreditUnionLimited,https://secure.cmcu.com.au/openbanking/cds-au/v1/banking/products
Challenger,https://api.openbanking.challenger.com.au/cds-au/v1/banking/products
CoastlineCreditUnion,https://public.cdr-api.coastline.com.au/cds-au/v1/banking/products
Unloan,https://public.api.cdr.unloan.com.au/cds-au/v1/banking/products
CBA-CommBiz,https://cdr.commbiz.api.commbank.com.au/cbzpublic/cds-au/v1/banking/products
Bankwest,https://open-api.bankwest.com.au/bwpublic/cds-au/v1/banking/products
CommBank,https://api.commbank.com.au/public/cds-au/v1/banking/products
Amigo,https://netbank.yourmutual.com.au/ym-OpenBanking/cds-au/v1/banking/products
EasyStreet,https://ebranch.easystreet.com.au/es-OpenBanking/cds-au/v1/banking/products
CommFCU,https://netbank.communityfirst.com.au/cf-OpenBanking/cds-au/v1/banking/products
GreatSouthernBank,https://api.open-banking.greatsouthernbank.com.au/cds-au/v1/banking/products
WOOLWORTHSTEAMBANKLIMITED,https://online.woolworthsteambank.com.au/OpenBanking/cds-au/v1/banking/products
